{
  "LeftJoyStick": {
    "StaticArea": 186883225.143226,

    "ForwardDown": 186883225.143226,
    "LeftRight": 146883225.143226,
    "DeadZone": 21815,
    "MaxValController": 32767
  }
}